{
  "Normal": {
    "BucketPos": {
      "Scale": {
        "X": 1,
        "Y": 1,
        "Z": 1
      },
      "Rotate": {
        "X": 0,
        "Y": 135.00002,
        "Z": 0
      },
      "Translate": {
        "X": 0.10082747,
        "Y": 0.741,
        "Z": -0.046147317
      }
    },
    "LanternPos": {
      "Scale": {
        "X": 1,
        "Y": 1,
        "Z": 1
      },
      "Rotate": {
        "X": 0,
        "Y": 0,
        "Z": 0
      },
      "Translate": {
        "X": -0.24639829,
        "Y": 0.756,
        "Z": 0.176
      }
    },
    "Player0": {
      "ChairPos": {
        "Scale": {
          "X": 1,
          "Y": 1,
          "Z": 1
        },
        "Rotate": {
          "X": 0,
          "Y": 0,
          "Z": 0
        },
        "Translate": {
          "X": 1,
          "Y": 0,
          "Z": -0.5
        }
      },
      "WaterBottlePos": {
        "Scale": {
          "X": 0.9999997,
          "Y": 1,
          "Z": 0.9999997
        },
        "Rotate": {
          "X": -1.5434252E-05,
          "Y": 62.38448,
          "Z": 0.0001276509
        },
        "Translate": {
          "X": 0.19,
          "Y": 0.753,
          "Z": -0.451
        }
      },
      "TumblerPos": {
        "Scale": {
          "X": 0.9999999,
          "Y": 1,
          "Z": 0.9999999
        },
        "Rotate": {
          "X": 0.00027343084,
          "Y": 86.47091,
          "Z": -0.00016950138
        },
        "Translate": {
          "X": 0.40851343,
          "Y": 0.753,
          "Z": -0.632
        }
      }
    },
    "Player1": {
      "ChairPos": {
        "Scale": {
          "X": 1,
          "Y": 1,
          "Z": 1
        },
        "Rotate": {
          "X": 0,
          "Y": 0,
          "Z": 0
        },
        "Translate": {
          "X": -0.9894489,
          "Y": 0,
          "Z": -0.488
        }
      },
      "WaterBottlePos": {
        "Scale": {
          "X": 0.99999964,
          "Y": 1,
          "Z": 0.99999964
        },
        "Rotate": {
          "X": -0.00025572738,
          "Y": -97.08383,
          "Z": 6.171322E-05
        },
        "Translate": {
          "X": -0.254,
          "Y": 0.753,
          "Z": -0.33989036
        }
      },
      "TumblerPos": {
        "Scale": {
          "X": 0.9999994,
          "Y": 1,
          "Z": 0.9999994
        },
        "Rotate": {
          "X": 0.00081736094,
          "Y": 160.80098,
          "Z": -0.0002274801
        },
        "Translate": {
          "X": -0.33855414,
          "Y": 0.753,
          "Z": -0.6780392
        }
      }
    },
    "Player2": {
      "ChairPos": {
        "Scale": {
          "X": 0.99999994,
          "Y": 1,
          "Z": 0.99999994
        },
        "Rotate": {
          "X": 0,
          "Y": -2.1479998,
          "Z": 0
        },
        "Translate": {
          "X": 1,
          "Y": 0,
          "Z": 0.4657973
        }
      },
      "WaterBottlePos": {
        "Scale": {
          "X": 0.9999998,
          "Y": 1,
          "Z": 0.9999998
        },
        "Rotate": {
          "X": -0.00068416994,
          "Y": 101.51099,
          "Z": 0.00028249418
        },
        "Translate": {
          "X": 0.1804543,
          "Y": 0.753,
          "Z": 0.471
        }
      },
      "TumblerPos": {
        "Scale": {
          "X": 0.9999997,
          "Y": 1,
          "Z": 0.9999997
        },
        "Rotate": {
          "X": 0.00090573844,
          "Y": 73.3384,
          "Z": -0.0006889052
        },
        "Translate": {
          "X": 0.325,
          "Y": 0.753,
          "Z": 0.6227065
        }
      }
    },
    "Player3": {
      "ChairPos": {
        "Scale": {
          "X": 1,
          "Y": 1,
          "Z": 1
        },
        "Rotate": {
          "X": 0,
          "Y": 2.000792,
          "Z": 0
        },
        "Translate": {
          "X": -1,
          "Y": 0,
          "Z": 0.5
        }
      },
      "WaterBottlePos": {
        "Scale": {
          "X": 0.99999994,
          "Y": 1,
          "Z": 0.99999994
        },
        "Rotate": {
          "X": -0.001541451,
          "Y": -56.855988,
          "Z": 0.00055622705
        },
        "Translate": {
          "X": -0.194,
          "Y": 0.753,
          "Z": 0.426008
        }
      },
      "TumblerPos": {
        "Scale": {
          "X": 0.9999995,
          "Y": 1,
          "Z": 0.9999995
        },
        "Rotate": {
          "X": 0.00087915064,
          "Y": -113.39346,
          "Z": -0.000768186
        },
        "Translate": {
          "X": -0.38811323,
          "Y": 0.753,
          "Z": 0.6988658
        }
      }
    }
  },
  "Cooking": {
    "DishPos": {
      "Scale": {
        "X": 1,
        "Y": 1,
        "Z": 1
      },
      "Rotate": {
        "X": 0,
        "Y": 0,
        "Z": 0
      },
      "Translate": {
        "X": 0.2,
        "Y": 0.756,
        "Z": 0.0044988543
      }
    },
    "BucketPos": {
      "Scale": {
        "X": 1,
        "Y": 1,
        "Z": 1
      },
      "Rotate": {
        "X": 0,
        "Y": 135.00002,
        "Z": 0
      },
      "Translate": {
        "X": -0.439,
        "Y": 0.741,
        "Z": 0.29393268
      }
    },
    "LanternPos": {
      "Scale": {
        "X": 1,
        "Y": 1,
        "Z": 1
      },
      "Rotate": {
        "X": 0,
        "Y": 0,
        "Z": 0
      },
      "Translate": {
        "X": -0.39299494,
        "Y": 0.756,
        "Z": -0.37
      }
    },
    "Ingredient": {
      "Pos0": {
        "Scale": {
          "X": 1,
          "Y": 1,
          "Z": 1
        },
        "Rotate": {
          "X": 0,
          "Y": 0,
          "Z": 0
        },
        "Translate": {
          "X": -0.12,
          "Y": 0.7509999,
          "Z": 1.375
        }
      },
      "Pos1": {
        "Scale": {
          "X": 1,
          "Y": 1,
          "Z": 1
        },
        "Rotate": {
          "X": 0,
          "Y": 0,
          "Z": 0
        },
        "Translate": {
          "X": -0.12,
          "Y": 0.7511836,
          "Z": 1.1
        }
      },
      "Pos2": {
        "Scale": {
          "X": 1,
          "Y": 1,
          "Z": 1
        },
        "Rotate": {
          "X": 0,
          "Y": 0,
          "Z": 0
        },
        "Translate": {
          "X": -0.12,
          "Y": 0.7511836,
          "Z": 0.82500005
        }
      },
      "Pos3": {
        "Scale": {
          "X": 1,
          "Y": 1,
          "Z": 1
        },
        "Rotate": {
          "X": 0,
          "Y": 0,
          "Z": 0
        },
        "Translate": {
          "X": -0.12,
          "Y": 0.7511836,
          "Z": 0.55
        }
      },
      "Pos4": {
        "Scale": {
          "X": 1,
          "Y": 1,
          "Z": 1
        },
        "Rotate": {
          "X": 0,
          "Y": 0,
          "Z": 0
        },
        "Translate": {
          "X": -0.12,
          "Y": 0.7509999,
          "Z": 0.27499998
        }
      },
      "Pos5": {
        "Scale": {
          "X": 1,
          "Y": 1,
          "Z": 1
        },
        "Rotate": {
          "X": 0,
          "Y": 0,
          "Z": 0
        },
        "Translate": {
          "X": -0.12,
          "Y": 0.7509999,
          "Z": 0
        }
      },
      "Pos6": {
        "Scale": {
          "X": 1,
          "Y": 1,
          "Z": 1
        },
        "Rotate": {
          "X": 0,
          "Y": 0,
          "Z": 0
        },
        "Translate": {
          "X": -0.12,
          "Y": 0.7509999,
          "Z": -0.275
        }
      },
      "Pos7": {
        "Scale": {
          "X": 1,
          "Y": 1,
          "Z": 1
        },
        "Rotate": {
          "X": 0,
          "Y": 0,
          "Z": 0
        },
        "Translate": {
          "X": -0.12,
          "Y": 0.7509999,
          "Z": -0.55
        }
      },
      "Pos8": {
        "Scale": {
          "X": 1,
          "Y": 1,
          "Z": 1
        },